62,63,62,63,62,63,62,63,62,63,62,63,62,63,62,63,62,63,62,63,62,63,62,63,62,63,62,63,62,63,62,63,62,63,62,63,62,63,62,63,62,63,62,63,62,63,62,63,62,63,62,63,62,63,62,63,62,63,62,63,62,63,62,63,62,63,62,63,62,63,62,63,62,63,62,63,62,63,62,63,62,63,62,63,62,63,62,63,62,63,62,63,62,63,62,63,62,63,62,63,62,63,62,63,62,63,62,63,62,63,62,63,62,63,62,63,62,63,62,63,62,63
92,93,92,93,92,93,92,93,92,93,92,93,92,93,92,93,92,93,92,93,92,93,92,93,92,93,92,93,92,93,92,93,92,93,92,93,92,93,92,93,92,93,92,93,92,93,92,93,92,93,92,93,92,93,92,93,92,93,92,93,92,93,92,93,92,93,92,93,92,93,92,93,92,93,92,93,92,93,92,93,92,93,92,93,92,93,92,93,92,93,92,93,92,93,92,93,92,93,92,93,92,93,92,93,92,93,92,93,92,93,92,93,92,93,92,93,92,93,92,93,92,93
62,63,62,63,62,63,62,63,62,63,62,63,62,63,62,63,62,63,62,63,62,63,62,63,62,63,62,63,62,63,62,63,62,63,62,63,62,63,62,63,62,63,62,63,62,63,62,63,62,63,62,63,62,63,62,63,62,63,62,63,62,63,62,63,62,63,62,63,62,63,62,63,62,63,62,63,62,63,62,63,62,63,62,63,62,63,62,63,62,63,62,63,62,63,62,63,62,63,62,63,62,63,62,63,62,63,62,63,62,63,62,63,62,63,62,63,62,63,62,63,62,63
92,93,92,93,92,93,92,93,92,93,92,93,92,93,92,93,92,93,92,93,92,93,92,93,92,93,92,93,92,93,92,93,92,93,92,93,92,93,92,93,92,93,92,93,92,93,92,93,92,93,92,93,92,93,92,93,92,93,92,93,92,93,92,93,92,93,92,93,92,93,92,93,92,93,92,93,92,93,92,93,92,93,92,93,92,93,92,93,92,93,92,93,92,93,92,93,92,93,92,93,92,93,92,93,92,93,92,93,92,93,92,93,92,93,92,93,92,93,92,93,92,93
62,63,62,63,62,63,62,63,62,63,62,63,62,63,62,63,62,63,62,63,62,63,62,63,62,63,62,63,62,63,62,63,62,63,62,63,62,63,62,63,62,63,62,63,62,63,62,63,62,63,62,63,62,63,62,63,62,63,62,63,62,63,62,63,62,63,62,63,62,63,62,63,62,63,62,63,62,63,62,63,62,63,62,63,62,63,62,63,62,63,62,63,62,63,62,63,62,63,62,63,62,63,62,63,62,63,62,63,62,63,62,63,62,63,62,63,62,63,62,63,62,63
92,93,92,93,92,93,92,93,92,93,92,93,92,93,92,93,92,93,92,93,92,93,92,93,92,93,92,93,92,93,92,93,92,93,92,93,92,93,92,93,92,93,92,93,92,93,92,93,92,93,92,93,92,93,92,93,92,93,92,93,92,93,92,93,92,93,92,93,92,93,92,93,92,93,92,93,92,93,92,93,92,93,92,93,92,93,92,93,92,93,92,93,92,93,92,93,92,93,92,93,92,93,92,93,92,93,92,93,92,93,92,93,92,93,92,93,92,93,92,93,92,93
62,63,62,63,62,63,62,63,62,63,62,63,62,63,62,63,62,63,62,63,62,63,62,63,62,63,62,63,62,63,62,63,62,63,62,63,62,63,62,63,62,63,62,63,62,63,62,63,62,63,62,63,62,63,62,63,62,63,62,63,62,63,62,63,62,63,62,63,62,63,62,63,62,63,62,63,62,63,62,63,62,63,62,63,62,63,62,63,62,63,62,63,62,63,62,63,62,63,62,63,62,63,62,63,62,63,62,63,62,63,62,63,62,63,62,63,62,63,62,63,62,63
92,93,92,93,92,93,92,93,92,93,92,93,92,93,92,93,92,93,92,93,92,93,92,93,92,93,92,93,92,93,92,93,92,93,92,93,92,93,92,93,92,93,92,93,92,93,92,93,92,93,92,93,92,93,92,93,92,93,92,93,92,93,92,93,92,93,92,93,92,93,92,93,92,93,92,93,92,93,92,93,92,93,92,93,92,93,92,93,92,93,92,93,92,93,92,93,92,93,92,93,92,93,92,93,92,93,92,93,92,93,92,93,92,93,92,93,92,93,92,93,92,93
62,63,62,63,62,63,62,63,62,63,62,63,62,63,62,63,62,63,62,63,62,63,62,63,62,63,62,63,62,63,62,63,62,63,62,63,62,63,62,63,62,63,62,63,62,63,62,63,62,63,62,63,62,63,62,63,62,63,62,63,62,63,62,63,62,63,62,63,62,63,62,63,62,63,62,63,62,63,62,63,62,63,62,63,62,63,62,63,62,63,62,63,62,63,62,63,62,63,62,63,62,63,62,63,62,63,62,63,62,63,62,63,62,63,62,63,62,63,62,63,62,63
92,93,92,93,92,93,92,93,92,93,92,93,92,93,92,93,92,93,92,93,92,93,92,93,92,93,92,93,92,93,92,93,92,93,92,93,92,93,92,93,92,93,92,93,92,93,92,93,92,93,92,93,92,93,92,93,92,93,92,93,92,93,92,93,92,93,92,93,92,93,92,93,92,93,92,93,92,93,92,93,92,93,92,93,92,93,92,93,92,93,92,93,92,93,92,93,92,93,92,93,92,93,92,93,92,93,92,93,92,93,92,93,92,93,92,93,92,93,92,93,92,93
62,63,62,63,62,63,62,63,62,63,62,63,62,63,62,63,62,63,62,63,62,63,62,63,62,63,62,63,62,63,62,63,62,63,62,63,62,63,62,63,62,63,62,63,62,63,62,63,62,63,62,63,62,63,62,63,62,63,62,63,62,63,62,63,62,63,62,63,62,63,62,63,62,63,62,63,62,63,62,63,62,63,62,63,62,63,62,63,62,63,62,63,62,63,62,63,62,63,62,63,62,63,62,63,62,63,62,63,62,63,62,63,62,63,62,63,62,63,62,63,62,63
92,93,92,93,92,93,92,93,92,93,92,93,92,93,92,93,92,93,92,93,92,93,92,93,92,93,92,93,92,93,92,93,92,93,92,93,92,93,92,93,92,93,92,93,92,93,92,93,92,93,92,93,92,93,92,93,92,93,92,93,92,93,92,93,92,93,92,93,92,93,92,93,92,93,92,93,92,93,92,93,92,93,92,93,92,93,92,93,92,93,92,93,92,93,92,93,92,93,92,93,92,93,92,93,92,93,92,93,92,93,92,93,92,93,92,93,92,93,92,93,92,93
62,63,62,63,62,63,62,63,62,63,62,63,62,63,62,63,62,63,62,63,62,63,62,63,62,63,62,63,62,63,62,63,62,63,62,63,62,63,62,63,62,63,62,63,62,63,62,63,62,63,62,63,62,63,62,63,62,63,62,63,62,63,62,63,62,63,62,63,62,63,62,63,62,63,62,63,62,63,62,63,62,63,62,63,62,63,62,63,62,63,62,63,62,63,62,63,62,63,62,63,62,63,62,63,62,63,62,63,62,63,62,63,62,63,62,63,62,63,62,63,62,63
92,93,92,93,92,93,92,93,92,93,92,93,92,93,92,93,92,93,92,93,92,93,92,93,92,93,92,93,92,93,92,93,92,93,92,93,92,93,92,93,92,93,92,93,92,93,92,93,92,93,92,93,92,93,92,93,92,93,92,93,92,93,92,93,92,93,92,93,92,93,92,93,92,93,92,93,92,93,92,93,92,93,92,93,92,93,92,93,92,93,92,93,92,93,92,93,92,93,92,93,92,93,92,93,92,93,92,93,92,93,92,93,92,93,92,93,92,93,92,93,92,93
62,63,62,63,62,63,62,63,62,63,62,63,62,63,62,63,62,63,62,63,62,63,62,63,62,63,62,63,62,63,62,63,62,63,62,63,62,63,62,63,62,63,62,63,62,63,62,63,62,63,62,63,62,63,62,63,62,63,62,63,62,63,62,63,62,63,62,63,62,63,62,63,62,63,62,63,62,63,62,63,62,63,62,63,62,63,62,63,62,63,62,63,62,63,62,63,62,63,62,63,62,63,62,63,62,63,62,63,62,63,62,63,62,63,62,63,62,63,62,63,62,63
92,93,92,93,92,93,92,93,92,93,92,93,92,93,92,93,92,93,92,93,92,93,92,93,92,93,92,93,92,93,92,93,92,93,92,93,92,93,92,93,92,93,92,93,92,93,92,93,92,93,92,93,92,93,92,93,92,93,92,93,92,93,92,93,92,93,92,93,92,93,92,93,92,93,92,93,92,93,92,93,92,93,92,93,92,93,92,93,92,93,92,93,92,93,92,93,92,93,92,93,92,93,92,93,92,93,92,93,92,93,92,93,92,93,92,93,92,93,92,93,92,93
62,63,62,63,62,63,62,63,62,63,62,63,62,63,62,63,62,63,62,63,62,63,62,63,62,63,62,63,62,63,62,63,62,63,62,63,62,63,62,63,62,63,62,63,62,63,62,63,62,63,62,63,62,63,62,63,62,63,62,63,62,63,62,63,62,63,62,63,62,63,62,63,62,63,62,63,62,63,62,63,62,63,62,63,62,63,62,63,62,63,62,63,62,63,62,63,62,63,62,63,62,63,62,63,62,63,62,63,62,63,62,63,62,63,62,63,62,63,62,63,62,63
92,93,92,93,92,93,92,93,92,93,92,93,92,93,92,93,92,93,92,93,92,93,92,93,92,93,92,93,92,93,92,93,92,93,92,93,92,93,92,93,92,93,92,93,92,93,92,93,92,93,92,93,92,93,92,93,92,93,92,93,92,93,92,93,92,93,92,93,92,93,92,93,92,93,92,93,92,93,92,93,92,93,92,93,92,93,92,93,92,93,92,93,92,93,92,93,92,93,92,93,92,93,92,93,92,93,92,93,92,93,92,93,92,93,92,93,92,93,92,93,92,93
62,63,62,63,62,63,62,63,62,63,62,63,62,63,62,63,62,63,62,63,62,63,62,63,62,63,62,63,62,63,62,63,62,63,62,63,62,63,62,63,62,63,62,63,62,63,62,63,62,63,62,63,62,63,62,63,62,63,62,63,62,63,62,63,62,63,62,63,62,63,62,63,62,63,62,63,62,63,62,63,62,63,62,63,62,63,62,63,62,63,62,63,62,63,62,63,62,63,62,63,62,63,62,63,62,63,62,63,62,63,62,63,62,63,62,63,62,63,62,63,62,63
92,93,92,93,92,93,92,93,92,93,92,93,92,93,92,93,92,93,92,93,92,93,92,93,92,93,92,93,92,93,92,93,92,93,92,93,92,93,92,93,92,93,92,93,92,93,92,93,92,93,92,93,92,93,92,93,92,93,92,93,92,93,92,93,92,93,92,93,92,93,92,93,92,93,92,93,92,93,92,93,92,93,92,93,92,93,92,93,92,93,92,93,92,93,92,93,92,93,92,93,92,93,92,93,92,93,92,93,92,93,92,93,92,93,92,93,92,93,92,93,92,93
62,63,62,63,62,63,62,63,62,63,62,63,62,63,62,63,62,63,62,63,62,63,62,63,62,63,62,63,62,63,62,63,62,63,62,63,62,63,62,63,62,63,62,63,62,63,62,63,62,63,62,63,62,63,62,63,62,63,62,63,62,63,62,63,62,63,62,63,62,63,62,63,62,63,62,63,62,63,62,63,62,63,62,63,62,63,62,63,62,63,62,63,62,63,62,63,62,63,62,63,62,63,62,63,62,63,62,63,62,63,62,63,62,63,62,63,62,63,62,63,62,63
92,93,92,93,92,93,92,93,92,93,92,93,92,93,92,93,92,93,92,93,92,93,92,93,92,93,92,93,92,93,92,93,92,93,92,93,92,93,92,93,92,93,92,93,92,93,92,93,92,93,92,93,92,93,92,93,92,93,92,93,92,93,92,93,92,93,92,93,92,93,92,93,92,93,92,93,92,93,92,93,92,93,92,93,92,93,92,93,92,93,92,93,92,93,92,93,92,93,92,93,92,93,92,93,92,93,92,93,92,93,92,93,92,93,92,93,92,93,92,93,92,93
62,63,62,63,62,63,62,63,62,63,62,63,62,63,62,63,62,63,62,63,62,63,62,63,62,63,62,63,62,63,62,63,62,63,62,63,62,63,62,63,62,63,62,63,62,63,62,63,62,63,62,63,62,63,62,63,62,63,62,63,62,63,62,63,62,63,62,63,62,63,62,63,62,63,62,63,62,63,62,63,62,63,62,63,62,63,62,63,62,63,62,63,62,63,62,63,62,63,62,63,62,63,62,63,62,63,62,63,62,63,62,63,62,63,62,63,62,63,62,63,62,63
92,93,92,93,92,93,92,93,92,93,92,93,92,93,92,93,92,93,92,93,92,93,92,93,92,93,92,93,92,93,92,93,92,93,92,93,92,93,92,93,92,93,92,93,92,93,92,93,92,93,92,93,92,93,92,93,92,93,92,93,92,93,92,93,92,93,92,93,92,93,92,93,92,93,92,93,92,93,92,93,92,93,92,93,92,93,92,93,92,93,92,93,92,93,92,93,92,93,92,93,92,93,92,93,92,93,92,93,92,93,92,93,92,93,92,93,92,93,92,93,92,93
62,63,62,63,62,63,62,63,62,63,62,63,62,63,62,63,62,63,62,63,62,63,62,63,62,63,62,63,62,63,62,63,62,63,62,63,62,63,62,63,62,63,62,63,62,63,62,63,62,63,62,63,62,63,62,63,62,63,62,63,62,63,62,63,62,63,62,63,62,63,62,63,62,63,62,63,62,63,62,63,62,63,62,63,62,63,62,63,62,63,62,63,62,63,62,63,62,63,62,63,62,63,62,63,62,63,62,63,62,63,62,63,62,63,62,63,62,63,62,63,62,63
92,93,92,93,92,93,92,93,92,93,92,93,92,93,92,93,92,93,92,93,92,93,92,93,92,93,92,93,92,93,92,93,92,93,92,93,92,93,92,93,92,93,92,93,92,93,92,93,92,93,92,93,92,93,92,93,92,93,92,93,92,93,92,93,92,93,92,93,92,93,92,93,92,93,92,93,92,93,92,93,92,93,92,93,92,93,92,93,92,93,92,93,92,93,92,93,92,93,92,93,92,93,92,93,92,93,92,93,92,93,92,93,92,93,92,93,92,93,92,93,92,93
62,63,62,63,62,63,62,63,62,63,62,63,62,63,62,63,62,63,62,63,62,63,62,63,62,63,62,63,62,63,62,63,62,63,62,63,62,63,62,63,62,63,62,63,62,63,62,63,62,63,62,63,62,63,62,63,62,63,62,63,62,63,62,63,62,63,62,63,62,63,62,63,62,63,62,63,62,63,62,63,62,63,62,63,62,63,62,63,62,63,62,63,62,63,62,63,62,63,62,63,62,63,62,63,62,63,62,63,62,63,62,63,62,63,62,63,62,63,62,63,62,63
92,93,92,93,92,93,92,93,92,93,92,93,92,93,92,93,92,93,92,93,92,93,92,93,92,93,92,93,92,93,92,93,92,93,92,93,92,93,92,93,92,93,92,93,92,93,92,93,92,93,92,93,92,93,92,93,92,93,92,93,92,93,92,93,92,93,92,93,92,93,92,93,92,93,92,93,92,93,92,93,92,93,92,93,92,93,92,93,92,93,92,93,92,93,92,93,92,93,92,93,92,93,92,93,92,93,92,93,92,93,92,93,92,93,92,93,92,93,92,93,92,93
62,63,62,63,62,63,62,63,62,63,62,63,62,63,62,63,62,63,62,63,62,63,62,63,62,63,62,63,62,63,62,63,62,63,62,63,62,63,62,63,62,63,62,63,62,63,62,63,62,63,62,63,62,63,62,63,62,63,62,63,62,63,62,63,62,63,62,63,62,63,62,63,62,63,62,63,62,63,62,63,62,63,62,63,62,63,62,63,62,63,62,63,62,63,62,63,62,63,62,63,62,63,62,63,62,63,62,63,62,63,62,63,62,63,62,63,62,63,62,63,62,63
92,93,92,93,92,93,92,93,92,93,92,93,92,93,92,93,92,93,92,93,92,93,92,93,92,93,92,93,92,93,92,93,92,93,92,93,92,93,92,93,92,93,92,93,92,93,92,93,92,93,92,93,92,93,92,93,92,93,92,93,92,93,92,93,92,93,92,93,92,93,92,93,92,93,92,93,92,93,92,93,92,93,92,93,92,93,92,93,92,93,92,93,92,93,92,93,92,93,92,93,92,93,92,93,92,93,92,93,92,93,92,93,92,93,92,93,92,93,92,93,92,93
62,63,62,63,62,63,62,63,62,63,62,63,62,63,62,63,62,63,62,63,62,63,62,63,62,63,62,63,62,63,62,63,62,63,62,63,62,63,62,63,62,63,62,63,62,63,62,63,62,63,62,63,62,63,62,63,62,63,62,63,62,63,62,63,62,63,62,63,62,63,62,63,62,63,62,63,62,63,62,63,62,63,62,63,62,63,62,63,62,63,62,63,62,63,62,63,62,63,62,63,62,63,62,63,62,63,62,63,62,63,62,63,62,63,62,63,62,63,62,63,62,63
92,93,92,93,92,93,92,93,92,93,92,93,92,93,92,93,92,93,92,93,92,93,92,93,92,93,92,93,92,93,92,93,92,93,92,93,92,93,92,93,92,93,92,93,92,93,92,93,92,93,92,93,92,93,92,93,92,93,92,93,92,93,92,93,92,93,92,93,92,93,92,93,92,93,92,93,92,93,92,93,92,93,92,93,92,93,92,93,92,93,92,93,92,93,92,93,92,93,92,93,92,93,92,93,92,93,92,93,92,93,92,93,92,93,92,93,92,93,92,93,92,93
62,63,62,63,62,63,62,63,62,63,62,63,62,63,62,63,62,63,62,63,62,63,62,63,62,63,62,63,62,63,62,63,62,63,62,63,62,63,62,63,62,63,62,63,62,63,62,63,62,63,62,63,62,63,62,63,62,63,62,63,62,63,62,63,62,63,62,63,62,63,62,63,62,63,62,63,62,63,62,63,62,63,62,63,62,63,62,63,62,63,62,63,62,63,62,63,62,63,62,63,62,63,62,63,62,63,62,63,62,63,62,63,62,63,62,63,62,63,62,63,62,63
92,93,92,93,92,93,92,93,92,93,92,93,92,93,92,93,92,93,92,93,92,93,92,93,92,93,92,93,92,93,92,93,92,93,92,93,92,93,92,93,92,93,92,93,92,93,92,93,92,93,92,93,92,93,92,93,92,93,92,93,92,93,92,93,92,93,92,93,92,93,92,93,92,93,92,93,92,93,92,93,92,93,92,93,92,93,92,93,92,93,92,93,92,93,92,93,92,93,92,93,92,93,92,93,92,93,92,93,92,93,92,93,92,93,92,93,92,93,92,93,92,93
62,63,62,63,62,63,62,63,62,63,62,63,62,63,62,63,62,63,62,63,62,63,62,63,62,63,62,63,62,63,62,63,62,63,62,63,62,63,62,63,62,63,62,63,62,63,62,63,62,63,62,63,62,63,62,63,62,63,62,63,62,63,62,63,62,63,62,63,62,63,62,63,62,63,62,63,62,63,62,63,62,63,62,63,62,63,62,63,62,63,62,63,62,63,62,63,62,63,62,63,62,63,62,63,62,63,62,63,62,63,62,63,62,63,62,63,62,63,62,63,62,63
92,93,92,93,92,93,92,93,92,93,92,93,92,93,92,93,92,93,92,93,92,93,92,93,92,93,92,93,92,93,92,93,92,93,92,93,92,93,92,93,92,93,92,93,92,93,92,93,92,93,92,93,92,93,92,93,92,93,92,93,92,93,92,93,92,93,92,93,92,93,92,93,92,93,92,93,92,93,92,93,92,93,92,93,92,93,92,93,92,93,92,93,92,93,92,93,92,93,92,93,92,93,92,93,92,93,92,93,92,93,92,93,92,93,92,93,92,93,92,93,92,93
62,63,62,63,62,63,62,63,62,63,62,63,62,63,62,63,62,63,62,63,62,63,62,63,62,63,62,63,62,63,62,63,62,63,62,63,62,63,62,63,62,63,62,63,62,63,62,63,62,63,62,63,62,63,62,63,62,63,62,63,62,63,62,63,62,63,62,63,62,63,62,63,62,63,62,63,62,63,62,63,62,63,62,63,62,63,62,63,62,63,62,63,62,63,62,63,62,63,62,63,62,63,62,63,62,63,62,63,62,63,62,63,62,63,62,63,62,63,62,63,62,63
92,93,92,93,92,93,92,93,92,93,92,93,92,93,92,93,92,93,92,93,92,93,92,93,92,93,92,93,92,93,92,93,92,93,92,93,92,93,92,93,92,93,92,93,92,93,92,93,92,93,92,93,92,93,92,93,92,93,92,93,92,93,92,93,92,93,92,93,92,93,92,93,92,93,92,93,92,93,92,93,92,93,92,93,92,93,92,93,92,93,92,93,92,93,92,93,92,93,92,93,92,93,92,93,92,93,92,93,92,93,92,93,92,93,92,93,92,93,92,93,92,93
62,63,62,63,62,63,62,63,62,63,62,63,62,63,62,63,62,63,62,63,62,63,62,63,62,63,62,63,62,63,62,63,62,63,62,63,62,63,62,63,62,63,62,63,62,63,62,63,62,63,62,63,62,63,62,63,62,63,62,63,62,63,62,63,62,63,62,63,62,63,62,63,62,63,62,63,62,63,62,63,62,63,62,63,62,63,62,63,62,63,62,63,62,63,62,63,62,63,62,63,62,63,62,63,62,63,62,63,62,63,62,63,62,63,62,63,62,63,62,63,62,63
92,93,92,93,92,93,92,93,92,93,92,93,92,93,92,93,92,93,92,93,92,93,92,93,92,93,92,93,92,93,92,93,92,93,92,93,92,93,92,93,92,93,92,93,92,93,92,93,92,93,92,93,92,93,92,93,92,93,92,93,92,93,92,93,92,93,92,93,92,93,92,93,92,93,92,93,92,93,92,93,92,93,92,93,92,93,92,93,92,93,92,93,92,93,92,93,92,93,92,93,92,93,92,93,92,93,92,93,92,93,92,93,92,93,92,93,92,93,92,93,92,93
62,63,62,63,62,63,62,63,62,63,62,63,62,63,62,63,62,63,62,63,62,63,62,63,62,63,62,63,62,63,62,63,62,63,62,63,62,63,62,63,62,63,62,63,62,63,62,63,62,63,62,63,62,63,62,63,62,63,62,63,62,63,62,63,62,63,62,63,62,63,62,63,62,63,62,63,62,63,62,63,62,63,62,63,62,63,62,63,62,63,62,63,62,63,62,63,62,63,62,63,62,63,62,63,62,63,62,63,62,63,62,63,62,63,62,63,62,63,62,63,62,63
92,93,92,93,92,93,92,93,92,93,92,93,92,93,92,93,92,93,92,93,92,93,92,93,92,93,92,93,92,93,92,93,92,93,92,93,92,93,92,93,92,93,92,93,92,93,92,93,92,93,92,93,92,93,92,93,92,93,92,93,92,93,92,93,92,93,92,93,92,93,92,93,92,93,92,93,92,93,92,93,92,93,92,93,92,93,92,93,92,93,92,93,92,93,92,93,92,93,92,93,92,93,92,93,92,93,92,93,92,93,92,93,92,93,92,93,92,93,92,93,92,93
62,63,62,63,62,63,62,63,62,63,62,63,62,63,62,63,62,63,62,63,62,63,62,63,62,63,62,63,62,63,62,63,62,63,62,63,62,63,62,63,62,63,62,63,62,63,62,63,62,63,62,63,62,63,62,63,62,63,62,63,62,63,62,63,62,63,62,63,62,63,62,63,62,63,62,63,62,63,62,63,62,63,62,63,62,63,62,63,62,63,62,63,62,63,62,63,62,63,62,63,62,63,62,63,62,63,62,63,62,63,62,63,62,63,62,63,62,63,62,63,62,63
92,93,92,93,92,93,92,93,92,93,92,93,92,93,92,93,92,93,92,93,92,93,92,93,92,93,92,93,92,93,92,93,92,93,92,93,92,93,92,93,92,93,92,93,92,93,92,93,92,93,92,93,92,93,92,93,92,93,92,93,92,93,92,93,92,93,92,93,92,93,92,93,92,93,92,93,92,93,92,93,92,93,92,93,92,93,92,93,92,93,92,93,92,93,92,93,92,93,92,93,92,93,92,93,92,93,92,93,92,93,92,93,92,93,92,93,92,93,92,93,92,93
62,63,62,63,62,63,62,63,62,63,62,63,62,63,62,63,62,63,62,63,62,63,62,63,62,63,62,63,62,63,62,63,62,63,62,63,62,63,62,63,62,63,62,63,62,63,62,63,62,63,62,63,62,63,62,63,62,63,62,63,62,63,62,63,62,63,62,63,62,63,62,63,62,63,62,63,62,63,62,63,62,63,62,63,62,63,62,63,62,63,62,63,62,63,62,63,62,63,62,63,62,63,62,63,62,63,62,63,62,63,62,63,62,63,62,63,62,63,62,63,62,63
92,93,92,93,92,93,92,93,92,93,92,93,92,93,92,93,92,93,92,93,92,93,92,93,92,93,92,93,92,93,92,93,92,93,92,93,92,93,92,93,92,93,92,93,92,93,92,93,92,93,92,93,92,93,92,93,92,93,92,93,92,93,92,93,92,93,92,93,92,93,92,93,92,93,92,93,92,93,92,93,92,93,92,93,92,93,92,93,92,93,92,93,92,93,92,93,92,93,92,93,92,93,92,93,92,93,92,93,92,93,92,93,92,93,92,93,92,93,92,93,92,93
62,63,62,63,62,63,62,63,62,63,62,63,62,63,62,63,62,63,62,63,62,63,62,63,62,63,62,63,62,63,62,63,62,63,62,63,62,63,62,63,62,63,62,63,62,63,62,63,62,63,62,63,62,63,62,63,62,63,62,63,62,63,62,63,62,63,62,63,62,63,62,63,62,63,62,63,62,63,62,63,62,63,62,63,62,63,62,63,62,63,62,63,62,63,62,63,62,63,62,63,62,63,62,63,62,63,62,63,62,63,62,63,62,63,62,63,62,63,62,63,62,63
92,93,92,93,92,93,92,93,92,93,92,93,92,93,92,93,92,93,92,93,92,93,92,93,92,93,92,93,92,93,92,93,92,93,92,93,92,93,92,93,92,93,92,93,92,93,92,93,92,93,92,93,92,93,92,93,92,93,92,93,92,93,92,93,92,93,92,93,92,93,92,93,92,93,92,93,92,93,92,93,92,93,92,93,92,93,92,93,92,93,92,93,92,93,92,93,92,93,92,93,92,93,92,93,92,93,92,93,92,93,92,93,92,93,92,93,92,93,92,93,92,93
62,63,62,63,62,63,62,63,62,63,62,63,62,63,62,63,62,63,62,63,62,63,62,63,62,63,62,63,62,63,62,63,62,63,62,63,62,63,62,63,62,63,62,63,62,63,62,63,62,63,62,63,62,63,62,63,62,63,62,63,62,63,62,63,62,63,62,63,62,63,62,63,62,63,62,63,62,63,62,63,62,63,62,63,62,63,62,63,62,63,62,63,62,63,62,63,62,63,62,63,62,63,62,63,62,63,62,63,62,63,62,63,62,63,62,63,62,63,62,63,62,63
92,93,92,93,92,93,92,93,92,93,92,93,92,93,92,93,92,93,92,93,92,93,92,93,92,93,92,93,92,93,92,93,92,93,92,93,92,93,92,93,92,93,92,93,92,93,92,93,92,93,92,93,92,93,92,93,92,93,92,93,92,93,92,93,92,93,92,93,92,93,92,93,92,93,92,93,92,93,92,93,92,93,92,93,92,93,92,93,92,93,92,93,92,93,92,93,92,93,92,93,92,93,92,93,92,93,92,93,92,93,92,93,92,93,92,93,92,93,92,93,92,93
62,63,62,63,62,63,62,63,62,63,62,63,62,63,62,63,62,63,62,63,62,63,62,63,62,63,62,63,62,63,62,63,62,63,62,63,62,63,62,63,62,63,62,63,62,63,62,63,62,63,62,63,62,63,62,63,62,63,62,63,62,63,62,63,62,63,62,63,62,63,62,63,62,63,62,63,62,63,62,63,62,63,62,63,62,63,62,63,62,63,62,63,62,63,62,63,62,63,62,63,62,63,62,63,62,63,62,63,62,63,62,63,62,63,62,63,62,63,62,63,62,63
92,93,92,93,92,93,92,93,92,93,92,93,92,93,92,93,92,93,92,93,92,93,92,93,92,93,92,93,92,93,92,93,92,93,92,93,92,93,92,93,92,93,92,93,92,93,92,93,92,93,92,93,92,93,92,93,92,93,92,93,92,93,92,93,92,93,92,93,92,93,92,93,92,93,92,93,92,93,92,93,92,93,92,93,92,93,92,93,92,93,92,93,92,93,92,93,92,93,92,93,92,93,92,93,92,93,92,93,92,93,92,93,92,93,92,93,92,93,92,93,92,93
62,63,62,63,62,63,62,63,62,63,62,63,62,63,62,63,62,63,62,63,62,63,62,63,62,63,62,63,62,63,62,63,62,63,62,63,62,63,62,63,62,63,62,63,62,63,62,63,62,63,62,63,62,63,62,63,62,63,62,63,62,63,62,63,62,63,62,63,62,63,62,63,62,63,62,63,62,63,62,63,62,63,62,63,62,63,62,63,62,63,62,63,62,63,62,63,62,63,62,63,62,63,62,63,62,63,62,63,62,63,62,63,62,63,62,63,62,63,62,63,62,63
92,93,92,93,92,93,92,93,92,93,92,93,92,93,92,93,92,93,92,93,92,93,92,93,92,93,92,93,92,93,92,93,92,93,92,93,92,93,92,93,92,93,92,93,92,93,92,93,92,93,92,93,92,93,92,93,92,93,92,93,92,93,92,93,92,93,92,93,92,93,92,93,92,93,92,93,92,93,92,93,92,93,92,93,92,93,92,93,92,93,92,93,92,93,92,93,92,93,92,93,92,93,92,93,92,93,92,93,92,93,92,93,92,93,92,93,92,93,92,93,92,93
62,63,62,63,62,63,62,63,62,63,62,63,62,63,62,63,62,63,62,63,62,63,62,63,62,63,62,63,62,63,62,63,62,63,62,63,62,63,62,63,62,63,62,63,62,63,62,63,62,63,62,63,62,63,62,63,62,63,62,63,62,63,62,63,62,63,62,63,62,63,62,63,62,63,62,63,62,63,62,63,62,63,62,63,62,63,62,63,62,63,62,63,62,63,62,63,62,63,62,63,62,63,62,63,62,63,62,63,62,63,62,63,62,63,62,63,62,63,62,63,62,63
92,93,92,93,92,93,92,93,92,93,92,93,92,93,92,93,92,93,92,93,92,93,92,93,92,93,92,93,92,93,92,93,92,93,92,93,92,93,92,93,92,93,92,93,92,93,92,93,92,93,92,93,92,93,92,93,92,93,92,93,92,93,92,93,92,93,92,93,92,93,92,93,92,93,92,93,92,93,92,93,92,93,92,93,92,93,92,93,92,93,92,93,92,93,92,93,92,93,92,93,92,93,92,93,92,93,92,93,92,93,92,93,92,93,92,93,92,93,92,93,92,93
62,63,62,63,62,63,62,63,62,63,62,63,62,63,62,63,62,63,62,63,62,63,62,63,62,63,62,63,62,63,62,63,62,63,62,63,62,63,62,63,62,63,62,63,62,63,62,63,62,63,62,63,62,63,62,63,62,63,62,63,62,63,62,63,62,63,62,63,62,63,62,63,62,63,62,63,62,63,62,63,62,63,62,63,62,63,62,63,62,63,62,63,62,63,62,63,62,63,62,63,62,63,62,63,62,63,62,63,62,63,62,63,62,63,62,63,62,63,62,63,62,63
92,93,92,93,92,93,92,93,92,93,92,93,92,93,92,93,92,93,92,93,92,93,92,93,92,93,92,93,92,93,92,93,92,93,92,93,92,93,92,93,92,93,92,93,92,93,92,93,92,93,92,93,92,93,92,93,92,93,92,93,92,93,92,93,92,93,92,93,92,93,92,93,92,93,92,93,92,93,92,93,92,93,92,93,92,93,92,93,92,93,92,93,92,93,92,93,92,93,92,93,92,93,92,93,92,93,92,93,92,93,92,93,92,93,92,93,92,93,92,93,92,93
62,63,62,63,62,63,62,63,62,63,62,63,62,63,62,63,62,63,62,63,62,63,62,63,62,63,62,63,62,63,62,63,62,63,62,63,62,63,62,63,62,63,62,63,62,63,62,63,62,63,62,63,62,63,62,63,62,63,62,63,62,63,62,63,62,63,62,63,62,63,62,63,62,63,62,63,62,63,62,63,62,63,62,63,62,63,62,63,62,63,62,63,62,63,62,63,62,63,62,63,62,63,62,63,62,63,62,63,62,63,62,63,62,63,62,63,62,63,62,63,62,63
92,93,92,93,92,93,92,93,92,93,92,93,92,93,92,93,92,93,92,93,92,93,92,93,92,93,92,93,92,93,92,93,92,93,92,93,92,93,92,93,92,93,92,93,92,93,92,93,92,93,92,93,92,93,92,93,92,93,92,93,92,93,92,93,92,93,92,93,92,93,92,93,92,93,92,93,92,93,92,93,92,93,92,93,92,93,92,93,92,93,92,93,92,93,92,93,92,93,92,93,92,93,92,93,92,93,92,93,92,93,92,93,92,93,92,93,92,93,92,93,92,93
62,63,62,63,62,63,62,63,62,63,62,63,62,63,62,63,62,63,62,63,62,63,62,63,62,63,62,63,62,63,62,63,62,63,62,63,62,63,62,63,62,63,62,63,62,63,62,63,62,63,62,63,62,63,62,63,62,63,62,63,62,63,62,63,62,63,62,63,62,63,62,63,62,63,62,63,62,63,62,63,62,63,62,63,62,63,62,63,62,63,62,63,62,63,62,63,62,63,62,63,62,63,62,63,62,63,62,63,62,63,62,63,62,63,62,63,62,63,62,63,62,63
92,93,92,93,92,93,92,93,92,93,92,93,92,93,92,93,92,93,92,93,92,93,92,93,92,93,92,93,92,93,92,93,92,93,92,93,92,93,92,93,92,93,92,93,92,93,92,93,92,93,92,93,92,93,92,93,92,93,92,93,92,93,92,93,92,93,92,93,92,93,92,93,92,93,92,93,92,93,92,93,92,93,92,93,92,93,92,93,92,93,92,93,92,93,92,93,92,93,92,93,92,93,92,93,92,93,92,93,92,93,92,93,92,93,92,93,92,93,92,93,92,93
62,63,62,63,62,63,62,63,62,63,62,63,62,63,62,63,62,63,62,63,62,63,62,63,62,63,62,63,62,63,62,63,62,63,62,63,62,63,62,63,62,63,62,63,62,63,62,63,62,63,62,63,62,63,62,63,62,63,62,63,62,63,62,63,62,63,62,63,62,63,62,63,62,63,62,63,62,63,62,63,62,63,62,63,62,63,62,63,62,63,62,63,62,63,62,63,62,63,62,63,62,63,62,63,62,63,62,63,62,63,62,63,62,63,62,63,62,63,62,63,62,63
92,93,92,93,92,93,92,93,92,93,92,93,92,93,92,93,92,93,92,93,92,93,92,93,92,93,92,93,92,93,92,93,92,93,92,93,92,93,92,93,92,93,92,93,92,93,92,93,92,93,92,93,92,93,92,93,92,93,92,93,92,93,92,93,92,93,92,93,92,93,92,93,92,93,92,93,92,93,92,93,92,93,92,93,92,93,92,93,92,93,92,93,92,93,92,93,92,93,92,93,92,93,92,93,92,93,92,93,92,93,92,93,92,93,92,93,92,93,92,93,92,93
62,63,62,63,62,63,62,63,62,63,62,63,62,63,62,63,62,63,62,63,62,63,62,63,62,63,62,63,62,63,62,63,62,63,62,63,62,63,62,63,62,63,62,63,62,63,62,63,62,63,62,63,62,63,62,63,62,63,62,63,62,63,62,63,62,63,62,63,62,63,62,63,62,63,62,63,62,63,62,63,62,63,62,63,62,63,62,63,62,63,62,63,62,63,62,63,62,63,62,63,62,63,62,63,62,63,62,63,62,63,62,63,62,63,62,63,62,63,62,63,62,63
92,93,92,93,92,93,92,93,92,93,92,93,92,93,92,93,92,93,92,93,92,93,92,93,92,93,92,93,92,93,92,93,92,93,92,93,92,93,92,93,92,93,92,93,92,93,92,93,92,93,92,93,92,93,92,93,92,93,92,93,92,93,92,93,92,93,92,93,92,93,92,93,92,93,92,93,92,93,92,93,92,93,92,93,92,93,92,93,92,93,92,93,92,93,92,93,92,93,92,93,92,93,92,93,92,93,92,93,92,93,92,93,92,93,92,93,92,93,92,93,92,93
62,63,62,63,62,63,62,63,62,63,62,63,62,63,62,63,62,63,62,63,62,63,62,63,62,63,62,63,62,63,62,63,62,63,62,63,62,63,62,63,62,63,62,63,62,63,62,63,62,63,62,63,62,63,62,63,62,63,62,63,62,63,62,63,62,63,62,63,62,63,62,63,62,63,62,63,62,63,62,63,62,63,62,63,62,63,62,63,62,63,62,63,62,63,62,63,62,63,62,63,62,63,62,63,62,63,62,63,62,63,62,63,62,63,62,63,62,63,62,63,62,63
92,93,92,93,92,93,92,93,92,93,92,93,92,93,92,93,92,93,92,93,92,93,92,93,92,93,92,93,92,93,92,93,92,93,92,93,92,93,92,93,92,93,92,93,92,93,92,93,92,93,92,93,92,93,92,93,92,93,92,93,92,93,92,93,92,93,92,93,92,93,92,93,92,93,92,93,92,93,92,93,92,93,92,93,92,93,92,93,92,93,92,93,92,93,92,93,92,93,92,93,92,93,92,93,92,93,92,93,92,93,92,93,92,93,92,93,92,93,92,93,92,93
62,63,62,63,62,63,62,63,62,63,62,63,62,63,62,63,62,63,62,63,62,63,62,63,62,63,62,63,62,63,62,63,62,63,62,63,62,63,62,63,62,63,62,63,62,63,62,63,62,63,62,63,62,63,62,63,62,63,62,63,62,63,62,63,62,63,62,63,62,63,62,63,62,63,62,63,62,63,62,63,62,63,62,63,62,63,62,63,62,63,62,63,62,63,62,63,62,63,62,63,62,63,62,63,62,63,62,63,62,63,62,63,62,63,62,63,62,63,62,63,62,63
92,93,92,93,92,93,92,93,92,93,92,93,92,93,92,93,92,93,92,93,92,93,92,93,92,93,92,93,92,93,92,93,92,93,92,93,92,93,92,93,92,93,92,93,92,93,92,93,92,93,92,93,92,93,92,93,92,93,92,93,92,93,92,93,92,93,92,93,92,93,92,93,92,93,92,93,92,93,92,93,92,93,92,93,92,93,92,93,92,93,92,93,92,93,92,93,92,93,92,93,92,93,92,93,92,93,92,93,92,93,92,93,92,93,92,93,92,93,92,93,92,93
62,63,62,63,62,63,62,63,62,63,62,63,62,63,62,63,62,63,62,63,62,63,62,63,62,63,62,63,62,63,62,63,62,63,62,63,62,63,62,63,62,63,62,63,62,63,62,63,62,63,62,63,62,63,62,63,62,63,62,63,62,63,62,63,62,63,62,63,62,63,62,63,62,63,62,63,62,63,62,63,62,63,62,63,62,63,62,63,62,63,62,63,62,63,62,63,62,63,62,63,62,63,62,63,62,63,62,63,62,63,62,63,62,63,62,63,62,63,62,63,62,63
92,93,92,93,92,93,92,93,92,93,92,93,92,93,92,93,92,93,92,93,92,93,92,93,92,93,92,93,92,93,92,93,92,93,92,93,92,93,92,93,92,93,92,93,92,93,92,93,92,93,92,93,92,93,92,93,92,93,92,93,92,93,92,93,92,93,92,93,92,93,92,93,92,93,92,93,92,93,92,93,92,93,92,93,92,93,92,93,92,93,92,93,92,93,92,93,92,93,92,93,92,93,92,93,92,93,92,93,92,93,92,93,92,93,92,93,92,93,92,93,92,93
62,63,62,63,62,63,62,63,62,63,62,63,62,63,62,63,62,63,62,63,62,63,62,63,62,63,62,63,62,63,62,63,62,63,62,63,62,63,62,63,62,63,62,63,62,63,62,63,62,63,62,63,62,63,62,63,62,63,62,63,62,63,62,63,62,63,62,63,62,63,62,63,62,63,62,63,62,63,62,63,62,63,62,63,62,63,62,63,62,63,62,63,62,63,62,63,62,63,62,63,62,63,62,63,62,63,62,63,62,63,62,63,62,63,62,63,62,63,62,63,62,63
92,93,92,93,92,93,92,93,92,93,92,93,92,93,92,93,92,93,92,93,92,93,92,93,92,93,92,93,92,93,92,93,92,93,92,93,92,93,92,93,92,93,92,93,92,93,92,93,92,93,92,93,92,93,92,93,92,93,92,93,92,93,92,93,92,93,92,93,92,93,92,93,92,93,92,93,92,93,92,93,92,93,92,93,92,93,92,93,92,93,92,93,92,93,92,93,92,93,92,93,92,93,92,93,92,93,92,93,92,93,92,93,92,93,92,93,92,93,92,93,92,93
62,63,62,63,62,63,62,63,62,63,62,63,62,63,62,63,62,63,62,63,62,63,62,63,62,63,62,63,62,63,62,63,62,63,62,63,62,63,62,63,62,63,62,63,62,63,62,63,62,63,62,63,62,63,62,63,62,63,62,63,62,63,62,63,62,63,62,63,62,63,62,63,62,63,62,63,62,63,62,63,62,63,62,63,62,63,62,63,62,63,62,63,62,63,62,63,62,63,62,63,62,63,62,63,62,63,62,63,62,63,62,63,62,63,62,63,62,63,62,63,62,63
92,93,92,93,92,93,92,93,92,93,92,93,92,93,92,93,92,93,92,93,92,93,92,93,92,93,92,93,92,93,92,93,92,93,92,93,92,93,92,93,92,93,92,93,92,93,92,93,92,93,92,93,92,93,92,93,92,93,92,93,92,93,92,93,92,93,92,93,92,93,92,93,92,93,92,93,92,93,92,93,92,93,92,93,92,93,92,93,92,93,92,93,92,93,92,93,92,93,92,93,92,93,92,93,92,93,92,93,92,93,92,93,92,93,92,93,92,93,92,93,92,93
62,63,62,63,62,63,62,63,62,63,62,63,62,63,62,63,62,63,62,63,62,63,62,63,62,63,62,63,62,63,62,63,62,63,62,63,62,63,62,63,62,63,62,63,62,63,62,63,62,63,62,63,62,63,62,63,62,63,62,63,62,63,62,63,62,63,62,63,62,63,62,63,62,63,62,63,62,63,62,63,62,63,62,63,62,63,62,63,62,63,62,63,62,63,62,63,62,63,62,63,62,63,62,63,62,63,62,63,62,63,62,63,62,63,62,63,62,63,62,63,62,63
92,93,92,93,92,93,92,93,92,93,92,93,92,93,92,93,92,93,92,93,92,93,92,93,92,93,92,93,92,93,92,93,92,93,92,93,92,93,92,93,92,93,92,93,92,93,92,93,92,93,92,93,92,93,92,93,92,93,92,93,92,93,92,93,92,93,92,93,92,93,92,93,92,93,92,93,92,93,92,93,92,93,92,93,92,93,92,93,92,93,92,93,92,93,92,93,92,93,92,93,92,93,92,93,92,93,92,93,92,93,92,93,92,93,92,93,92,93,92,93,92,93
62,63,62,63,62,63,62,63,62,63,62,63,62,63,62,63,62,63,62,63,62,63,62,63,62,63,62,63,62,63,62,63,62,63,62,63,62,63,62,63,62,63,62,63,62,63,62,63,62,63,62,63,62,63,62,63,62,63,62,63,62,63,62,63,62,63,62,63,62,63,62,63,62,63,62,63,62,63,62,63,62,63,62,63,62,63,62,63,62,63,62,63,62,63,62,63,62,63,62,63,62,63,62,63,62,63,62,63,62,63,62,63,62,63,62,63,62,63,62,63,62,63
92,93,92,93,92,93,92,93,92,93,92,93,92,93,92,93,92,93,92,93,92,93,92,93,92,93,92,93,92,93,92,93,92,93,92,93,92,93,92,93,92,93,92,93,92,93,92,93,92,93,92,93,92,93,92,93,92,93,92,93,92,93,92,93,92,93,92,93,92,93,92,93,92,93,92,93,92,93,92,93,92,93,92,93,92,93,92,93,92,93,92,93,92,93,92,93,92,93,92,93,92,93,92,93,92,93,92,93,92,93,92,93,92,93,92,93,92,93,92,93,92,93
62,63,62,63,62,63,62,63,62,63,62,63,62,63,62,63,62,63,62,63,62,63,62,63,62,63,62,63,62,63,62,63,62,63,62,63,62,63,62,63,62,63,62,63,62,63,62,63,62,63,62,63,62,63,62,63,62,63,62,63,62,63,62,63,62,63,62,63,62,63,62,63,62,63,62,63,62,63,62,63,62,63,62,63,62,63,62,63,62,63,62,63,62,63,62,63,62,63,62,63,62,63,62,63,62,63,62,63,62,63,62,63,62,63,62,63,62,63,62,63,62,63
92,93,92,93,92,93,92,93,92,93,92,93,92,93,92,93,92,93,92,93,92,93,92,93,92,93,92,93,92,93,92,93,92,93,92,93,92,93,92,93,92,93,92,93,92,93,92,93,92,93,92,93,92,93,92,93,92,93,92,93,92,93,92,93,92,93,92,93,92,93,92,93,92,93,92,93,92,93,92,93,92,93,92,93,92,93,92,93,92,93,92,93,92,93,92,93,92,93,92,93,92,93,92,93,92,93,92,93,92,93,92,93,92,93,92,93,92,93,92,93,92,93
62,63,62,63,62,63,62,63,62,63,62,63,62,63,62,63,62,63,62,63,62,63,62,63,62,63,62,63,62,63,62,63,62,63,62,63,62,63,62,63,62,63,62,63,62,63,62,63,62,63,62,63,62,63,62,63,62,63,62,63,62,63,62,63,62,63,62,63,62,63,62,63,62,63,62,63,62,63,62,63,62,63,62,63,62,63,62,63,62,63,62,63,62,63,62,63,62,63,62,63,62,63,62,63,62,63,62,63,62,63,62,63,62,63,62,63,62,63,62,63,62,63
92,93,92,93,92,93,92,93,92,93,92,93,92,93,92,93,92,93,92,93,92,93,92,93,92,93,92,93,92,93,92,93,92,93,92,93,92,93,92,93,92,93,92,93,92,93,92,93,92,93,92,93,92,93,92,93,92,93,92,93,92,93,92,93,92,93,92,93,92,93,92,93,92,93,92,93,92,93,92,93,92,93,92,93,92,93,92,93,92,93,92,93,92,93,92,93,92,93,92,93,92,93,92,93,92,93,92,93,92,93,92,93,92,93,92,93,92,93,92,93,92,93
62,63,62,63,62,63,62,63,62,63,62,63,62,63,62,63,62,63,62,63,62,63,62,63,62,63,62,63,62,63,62,63,62,63,62,63,62,63,62,63,62,63,62,63,62,63,62,63,62,63,62,63,62,63,62,63,62,63,62,63,62,63,62,63,62,63,62,63,62,63,62,63,62,63,62,63,62,63,62,63,62,63,62,63,62,63,62,63,62,63,62,63,62,63,62,63,62,63,62,63,62,63,62,63,62,63,62,63,62,63,62,63,62,63,62,63,62,63,62,63,62,63
92,93,92,93,92,93,92,93,92,93,92,93,92,93,92,93,92,93,92,93,92,93,92,93,92,93,92,93,92,93,92,93,92,93,92,93,92,93,92,93,92,93,92,93,92,93,92,93,92,93,92,93,92,93,92,93,92,93,92,93,92,93,92,93,92,93,92,93,92,93,92,93,92,93,92,93,92,93,92,93,92,93,92,93,92,93,92,93,92,93,92,93,92,93,92,93,92,93,92,93,92,93,92,93,92,93,92,93,92,93,92,93,92,93,92,93,92,93,92,93,92,93
62,63,62,63,62,63,62,63,62,63,62,63,62,63,62,63,62,63,62,63,62,63,62,63,62,63,62,63,62,63,62,63,62,63,62,63,62,63,62,63,62,63,62,63,62,63,62,63,62,63,62,63,62,63,62,63,62,63,62,63,62,63,62,63,62,63,62,63,62,63,62,63,62,63,62,63,62,63,62,63,62,63,62,63,62,63,62,63,62,63,62,63,62,63,62,63,62,63,62,63,62,63,62,63,62,63,62,63,62,63,62,63,62,63,62,63,62,63,62,63,62,63
92,93,92,93,92,93,92,93,92,93,92,93,92,93,92,93,92,93,92,93,92,93,92,93,92,93,92,93,92,93,92,93,92,93,92,93,92,93,92,93,92,93,92,93,92,93,92,93,92,93,92,93,92,93,92,93,92,93,92,93,92,93,92,93,92,93,92,93,92,93,92,93,92,93,92,93,92,93,92,93,92,93,92,93,92,93,92,93,92,93,92,93,92,93,92,93,92,93,92,93,92,93,92,93,92,93,92,93,92,93,92,93,92,93,92,93,92,93,92,93,92,93
62,63,62,63,62,63,62,63,62,63,62,63,62,63,62,63,62,63,62,63,62,63,62,63,62,63,62,63,62,63,62,63,62,63,62,63,62,63,62,63,62,63,62,63,62,63,62,63,62,63,62,63,62,63,62,63,62,63,62,63,62,63,62,63,62,63,62,63,62,63,62,63,62,63,62,63,62,63,62,63,62,63,62,63,62,63,62,63,62,63,62,63,62,63,62,63,62,63,62,63,62,63,62,63,62,63,62,63,62,63,62,63,62,63,62,63,62,63,62,63,62,63
92,93,92,93,92,93,92,93,92,93,92,93,92,93,92,93,92,93,92,93,92,93,92,93,92,93,92,93,92,93,92,93,92,93,92,93,92,93,92,93,92,93,92,93,92,93,92,93,92,93,92,93,92,93,92,93,92,93,92,93,92,93,92,93,92,93,92,93,92,93,92,93,92,93,92,93,92,93,92,93,92,93,92,93,92,93,92,93,92,93,92,93,92,93,92,93,92,93,92,93,92,93,92,93,92,93,92,93,92,93,92,93,92,93,92,93,92,93,92,93,92,93
62,63,62,63,62,63,62,63,62,63,62,63,62,63,62,63,62,63,62,63,62,63,62,63,62,63,62,63,62,63,62,63,62,63,62,63,62,63,62,63,62,63,62,63,62,63,62,63,62,63,62,63,62,63,62,63,62,63,62,63,62,63,62,63,62,63,62,63,62,63,62,63,62,63,62,63,62,63,62,63,62,63,62,63,62,63,62,63,62,63,62,63,62,63,62,63,62,63,62,63,62,63,62,63,62,63,62,63,62,63,62,63,62,63,62,63,62,63,62,63,62,63
92,93,92,93,92,93,92,93,92,93,92,93,92,93,92,93,92,93,92,93,92,93,92,93,92,93,92,93,92,93,92,93,92,93,92,93,92,93,92,93,92,93,92,93,92,93,92,93,92,93,92,93,92,93,92,93,92,93,92,93,92,93,92,93,92,93,92,93,92,93,92,93,92,93,92,93,92,93,92,93,92,93,92,93,92,93,92,93,92,93,92,93,92,93,92,93,92,93,92,93,92,93,92,93,92,93,92,93,92,93,92,93,92,93,92,93,92,93,92,93,92,93
62,63,62,63,62,63,62,63,62,63,62,63,62,63,62,63,62,63,62,63,62,63,62,63,62,63,62,63,62,63,62,63,62,63,62,63,62,63,62,63,62,63,62,63,62,63,62,63,62,63,62,63,62,63,62,63,62,63,62,63,62,63,62,63,62,63,62,63,62,63,62,63,62,63,62,63,62,63,62,63,62,63,62,63,62,63,62,63,62,63,62,63,62,63,62,63,62,63,62,63,62,63,62,63,62,63,62,63,62,63,62,63,62,63,62,63,62,63,62,63,62,63
92,93,92,93,92,93,92,93,92,93,92,93,92,93,92,93,92,93,92,93,92,93,92,93,92,93,92,93,92,93,92,93,92,93,92,93,92,93,92,93,92,93,92,93,92,93,92,93,92,93,92,93,92,93,92,93,92,93,92,93,92,93,92,93,92,93,92,93,92,93,92,93,92,93,92,93,92,93,92,93,92,93,92,93,92,93,92,93,92,93,92,93,92,93,92,93,92,93,92,93,92,93,92,93,92,93,92,93,92,93,92,93,92,93,92,93,92,93,92,93,92,93
62,63,62,63,62,63,62,63,62,63,62,63,62,63,62,63,62,63,62,63,62,63,62,63,62,63,62,63,62,63,62,63,62,63,62,63,62,63,62,63,62,63,62,63,62,63,62,63,62,63,62,63,62,63,62,63,62,63,62,63,62,63,62,63,62,63,62,63,62,63,62,63,62,63,62,63,62,63,62,63,62,63,62,63,62,63,62,63,62,63,62,63,62,63,62,63,62,63,62,63,62,63,62,63,62,63,62,63,62,63,62,63,62,63,62,63,62,63,62,63,62,63
92,93,92,93,92,93,92,93,92,93,92,93,92,93,92,93,92,93,92,93,92,93,92,93,92,93,92,93,92,93,92,93,92,93,92,93,92,93,92,93,92,93,92,93,92,93,92,93,92,93,92,93,92,93,92,93,92,93,92,93,92,93,92,93,92,93,92,93,92,93,92,93,92,93,92,93,92,93,92,93,92,93,92,93,92,93,92,93,92,93,92,93,92,93,92,93,92,93,92,93,92,93,92,93,92,93,92,93,92,93,92,93,92,93,92,93,92,93,92,93,92,93
62,63,62,63,62,63,62,63,62,63,62,63,62,63,62,63,62,63,62,63,62,63,62,63,62,63,62,63,62,63,62,63,62,63,62,63,62,63,62,63,62,63,62,63,62,63,62,63,62,63,62,63,62,63,62,63,62,63,62,63,62,63,62,63,62,63,62,63,62,63,62,63,62,63,62,63,62,63,62,63,62,63,62,63,62,63,62,63,62,63,62,63,62,63,62,63,62,63,62,63,62,63,62,63,62,63,62,63,62,63,62,63,62,63,62,63,62,63,62,63,62,63
92,93,92,93,92,93,92,93,92,93,92,93,92,93,92,93,92,93,92,93,92,93,92,93,92,93,92,93,92,93,92,93,92,93,92,93,92,93,92,93,92,93,92,93,92,93,92,93,92,93,92,93,92,93,92,93,92,93,92,93,92,93,92,93,92,93,92,93,92,93,92,93,92,93,92,93,92,93,92,93,92,93,92,93,92,93,92,93,92,93,92,93,92,93,92,93,92,93,92,93,92,93,92,93,92,93,92,93,92,93,92,93,92,93,92,93,92,93,92,93,92,93
62,63,62,63,62,63,62,63,62,63,62,63,62,63,62,63,62,63,62,63,62,63,62,63,62,63,62,63,62,63,62,63,62,63,62,63,62,63,62,63,62,63,62,63,62,63,62,63,62,63,62,63,62,63,62,63,62,63,62,63,62,63,62,63,62,63,62,63,62,63,62,63,62,63,62,63,62,63,62,63,62,63,62,63,62,63,62,63,62,63,62,63,62,63,62,63,62,63,62,63,62,63,62,63,62,63,62,63,62,63,62,63,62,63,62,63,62,63,62,63,62,63
92,93,92,93,92,93,92,93,92,93,92,93,92,93,92,93,92,93,92,93,92,93,92,93,92,93,92,93,92,93,92,93,92,93,92,93,92,93,92,93,92,93,92,93,92,93,92,93,92,93,92,93,92,93,92,93,92,93,92,93,92,93,92,93,92,93,92,93,92,93,92,93,92,93,92,93,92,93,92,93,92,93,92,93,92,93,92,93,92,93,92,93,92,93,92,93,92,93,92,93,92,93,92,93,92,93,92,93,92,93,92,93,92,93,92,93,92,93,92,93,92,93
62,63,62,63,62,63,62,63,62,63,62,63,62,63,62,63,62,63,62,63,62,63,62,63,62,63,62,63,62,63,62,63,62,63,62,63,62,63,62,63,62,63,62,63,62,63,62,63,62,63,62,63,62,63,62,63,62,63,62,63,62,63,62,63,62,63,62,63,62,63,62,63,62,63,62,63,62,63,62,63,62,63,62,63,62,63,62,63,62,63,62,63,62,63,62,63,62,63,62,63,62,63,62,63,62,63,62,63,62,63,62,63,62,63,62,63,62,63,62,63,62,63
92,93,92,93,92,93,92,93,92,93,92,93,92,93,92,93,92,93,92,93,92,93,92,93,92,93,92,93,92,93,92,93,92,93,92,93,92,93,92,93,92,93,92,93,92,93,92,93,92,93,92,93,92,93,92,93,92,93,92,93,92,93,92,93,92,93,92,93,92,93,92,93,92,93,92,93,92,93,92,93,92,93,92,93,92,93,92,93,92,93,92,93,92,93,92,93,92,93,92,93,92,93,92,93,92,93,92,93,92,93,92,93,92,93,92,93,92,93,92,93,92,93
62,63,62,63,62,63,62,63,62,63,62,63,62,63,62,63,62,63,62,63,62,63,62,63,62,63,62,63,62,63,62,63,62,63,62,63,62,63,62,63,62,63,62,63,62,63,62,63,62,63,62,63,62,63,62,63,62,63,62,63,62,63,62,63,62,63,62,63,62,63,62,63,62,63,62,63,62,63,62,63,62,63,62,63,62,63,62,63,62,63,62,63,62,63,62,63,62,63,62,63,62,63,62,63,62,63,62,63,62,63,62,63,62,63,62,63,62,63,62,63,62,63
92,93,92,93,92,93,92,93,92,93,92,93,92,93,92,93,92,93,92,93,92,93,92,93,92,93,92,93,92,93,92,93,92,93,92,93,92,93,92,93,92,93,92,93,92,93,92,93,92,93,92,93,92,93,92,93,92,93,92,93,92,93,92,93,92,93,92,93,92,93,92,93,92,93,92,93,92,93,92,93,92,93,92,93,92,93,92,93,92,93,92,93,92,93,92,93,92,93,92,93,92,93,92,93,92,93,92,93,92,93,92,93,92,93,92,93,92,93,92,93,92,93
62,63,62,63,62,63,62,63,62,63,62,63,62,63,62,63,62,63,62,63,62,63,62,63,62,63,62,63,62,63,62,63,62,63,62,63,62,63,62,63,62,63,62,63,62,63,62,63,62,63,62,63,62,63,62,63,62,63,62,63,62,63,62,63,62,63,62,63,62,63,62,63,62,63,62,63,62,63,62,63,62,63,62,63,62,63,62,63,62,63,62,63,62,63,62,63,62,63,62,63,62,63,62,63,62,63,62,63,62,63,62,63,62,63,62,63,62,63,62,63,62,63
92,93,92,93,92,93,92,93,92,93,92,93,92,93,92,93,92,93,92,93,92,93,92,93,92,93,92,93,92,93,92,93,92,93,92,93,92,93,92,93,92,93,92,93,92,93,92,93,92,93,92,93,92,93,92,93,92,93,92,93,92,93,92,93,92,93,92,93,92,93,92,93,92,93,92,93,92,93,92,93,92,93,92,93,92,93,92,93,92,93,92,93,92,93,92,93,92,93,92,93,92,93,92,93,92,93,92,93,92,93,92,93,92,93,92,93,92,93,92,93,92,93
62,63,62,63,62,63,62,63,62,63,62,63,62,63,62,63,62,63,62,63,62,63,62,63,62,63,62,63,62,63,62,63,62,63,62,63,62,63,62,63,62,63,62,63,62,63,62,63,62,63,62,63,62,63,62,63,62,63,62,63,62,63,62,63,62,63,62,63,62,63,62,63,62,63,62,63,62,63,62,63,62,63,62,63,62,63,62,63,62,63,62,63,62,63,62,63,62,63,62,63,62,63,62,63,62,63,62,63,62,63,62,63,62,63,62,63,62,63,62,63,62,63
92,93,92,93,92,93,92,93,92,93,92,93,92,93,92,93,92,93,92,93,92,93,92,93,92,93,92,93,92,93,92,93,92,93,92,93,92,93,92,93,92,93,92,93,92,93,92,93,92,93,92,93,92,93,92,93,92,93,92,93,92,93,92,93,92,93,92,93,92,93,92,93,92,93,92,93,92,93,92,93,92,93,92,93,92,93,92,93,92,93,92,93,92,93,92,93,92,93,92,93,92,93,92,93,92,93,92,93,92,93,92,93,92,93,92,93,92,93,92,93,92,93
62,63,62,63,62,63,62,63,62,63,62,63,62,63,62,63,62,63,62,63,62,63,62,63,62,63,62,63,62,63,62,63,62,63,62,63,62,63,62,63,62,63,62,63,62,63,62,63,62,63,62,63,62,63,62,63,62,63,62,63,62,63,62,63,62,63,62,63,62,63,62,63,62,63,62,63,62,63,62,63,62,63,62,63,62,63,62,63,62,63,62,63,62,63,62,63,62,63,62,63,62,63,62,63,62,63,62,63,62,63,62,63,62,63,62,63,62,63,62,63,62,63
92,93,92,93,92,93,92,93,92,93,92,93,92,93,92,93,92,93,92,93,92,93,92,93,92,93,92,93,92,93,92,93,92,93,92,93,92,93,92,93,92,93,92,93,92,93,92,93,92,93,92,93,92,93,92,93,92,93,92,93,92,93,92,93,92,93,92,93,92,93,92,93,92,93,92,93,92,93,92,93,92,93,92,93,92,93,92,93,92,93,92,93,92,93,92,93,92,93,92,93,92,93,92,93,92,93,92,93,92,93,92,93,92,93,92,93,92,93,92,93,92,93
62,63,62,63,62,63,62,63,62,63,62,63,62,63,62,63,62,63,62,63,62,63,62,63,62,63,62,63,62,63,62,63,62,63,62,63,62,63,62,63,62,63,62,63,62,63,62,63,62,63,62,63,62,63,62,63,62,63,62,63,62,63,62,63,62,63,62,63,62,63,62,63,62,63,62,63,62,63,62,63,62,63,62,63,62,63,62,63,62,63,62,63,62,63,62,63,62,63,62,63,62,63,62,63,62,63,62,63,62,63,62,63,62,63,62,63,62,63,62,63,62,63
92,93,92,93,92,93,92,93,92,93,92,93,92,93,92,93,92,93,92,93,92,93,92,93,92,93,92,93,92,93,92,93,92,93,92,93,92,93,92,93,92,93,92,93,92,93,92,93,92,93,92,93,92,93,92,93,92,93,92,93,92,93,92,93,92,93,92,93,92,93,92,93,92,93,92,93,92,93,92,93,92,93,92,93,92,93,92,93,92,93,92,93,92,93,92,93,92,93,92,93,92,93,92,93,92,93,92,93,92,93,92,93,92,93,92,93,92,93,92,93,92,93
62,63,62,63,62,63,62,63,62,63,62,63,62,63,62,63,62,63,62,63,62,63,62,63,62,63,62,63,62,63,62,63,62,63,62,63,62,63,62,63,62,63,62,63,62,63,62,63,62,63,62,63,62,63,62,63,62,63,62,63,62,63,62,63,62,63,62,63,62,63,62,63,62,63,62,63,62,63,62,63,62,63,62,63,62,63,62,63,62,63,62,63,62,63,62,63,62,63,62,63,62,63,62,63,62,63,62,63,62,63,62,63,62,63,62,63,62,63,62,63,62,63
92,93,92,93,92,93,92,93,92,93,92,93,92,93,92,93,92,93,92,93,92,93,92,93,92,93,92,93,92,93,92,93,92,93,92,93,92,93,92,93,92,93,92,93,92,93,92,93,92,93,92,93,92,93,92,93,92,93,92,93,92,93,92,93,92,93,92,93,92,93,92,93,92,93,92,93,92,93,92,93,92,93,92,93,92,93,92,93,92,93,92,93,92,93,92,93,92,93,92,93,92,93,92,93,92,93,92,93,92,93,92,93,92,93,92,93,92,93,92,93,92,93
62,63,62,63,62,63,62,63,62,63,62,63,62,63,62,63,62,63,62,63,62,63,62,63,62,63,62,63,62,63,62,63,62,63,62,63,62,63,62,63,62,63,62,63,62,63,62,63,62,63,62,63,62,63,62,63,62,63,62,63,62,63,62,63,62,63,62,63,62,63,62,63,62,63,62,63,62,63,62,63,62,63,62,63,62,63,62,63,62,63,62,63,62,63,62,63,62,63,62,63,62,63,62,63,62,63,62,63,62,63,62,63,62,63,62,63,62,63,62,63,62,63
92,93,92,93,92,93,92,93,92,93,92,93,92,93,92,93,92,93,92,93,92,93,92,93,92,93,92,93,92,93,92,93,92,93,92,93,92,93,92,93,92,93,92,93,92,93,92,93,92,93,92,93,92,93,92,93,92,93,92,93,92,93,92,93,92,93,92,93,92,93,92,93,92,93,92,93,92,93,92,93,92,93,92,93,92,93,92,93,92,93,92,93,92,93,92,93,92,93,92,93,92,93,92,93,92,93,92,93,92,93,92,93,92,93,92,93,92,93,92,93,92,93
62,63,62,63,62,63,62,63,62,63,62,63,62,63,62,63,62,63,62,63,62,63,62,63,62,63,62,63,62,63,62,63,62,63,62,63,62,63,62,63,62,63,62,63,62,63,62,63,62,63,62,63,62,63,62,63,62,63,62,63,62,63,62,63,62,63,62,63,62,63,62,63,62,63,62,63,62,63,62,63,62,63,62,63,62,63,62,63,62,63,62,63,62,63,62,63,62,63,62,63,62,63,62,63,62,63,62,63,62,63,62,63,62,63,62,63,62,63,62,63,62,63
92,93,92,93,92,93,92,93,92,93,92,93,92,93,92,93,92,93,92,93,92,93,92,93,92,93,92,93,92,93,92,93,92,93,92,93,92,93,92,93,92,93,92,93,92,93,92,93,92,93,92,93,92,93,92,93,92,93,92,93,92,93,92,93,92,93,92,93,92,93,92,93,92,93,92,93,92,93,92,93,92,93,92,93,92,93,92,93,92,93,92,93,92,93,92,93,92,93,92,93,92,93,92,93,92,93,92,93,92,93,92,93,92,93,92,93,92,93,92,93,92,93
62,63,62,63,62,63,62,63,62,63,62,63,62,63,62,63,62,63,62,63,62,63,62,63,62,63,62,63,62,63,62,63,62,63,62,63,62,63,62,63,62,63,62,63,62,63,62,63,62,63,62,63,62,63,62,63,62,63,62,63,62,63,62,63,62,63,62,63,62,63,62,63,62,63,62,63,62,63,62,63,62,63,62,63,62,63,62,63,62,63,62,63,62,63,62,63,62,63,62,63,62,63,62,63,62,63,62,63,62,63,62,63,62,63,62,63,62,63,62,63,62,63
92,93,92,93,92,93,92,93,92,93,92,93,92,93,92,93,92,93,92,93,92,93,92,93,92,93,92,93,92,93,92,93,92,93,92,93,92,93,92,93,92,93,92,93,92,93,92,93,92,93,92,93,92,93,92,93,92,93,92,93,92,93,92,93,92,93,92,93,92,93,92,93,92,93,92,93,92,93,92,93,92,93,92,93,92,93,92,93,92,93,92,93,92,93,92,93,92,93,92,93,92,93,92,93,92,93,92,93,92,93,92,93,92,93,92,93,92,93,92,93,92,93
62,63,62,63,62,63,62,63,62,63,62,63,62,63,62,63,62,63,62,63,62,63,62,63,62,63,62,63,62,63,62,63,62,63,62,63,62,63,62,63,62,63,62,63,62,63,62,63,62,63,62,63,62,63,62,63,62,63,62,63,62,63,62,63,62,63,62,63,62,63,62,63,62,63,62,63,62,63,62,63,62,63,62,63,62,63,62,63,62,63,62,63,62,63,62,63,62,63,62,63,62,63,62,63,62,63,62,63,62,63,62,63,62,63,62,63,62,63,62,63,62,63
92,93,92,93,92,93,92,93,92,93,92,93,92,93,92,93,92,93,92,93,92,93,92,93,92,93,92,93,92,93,92,93,92,93,92,93,92,93,92,93,92,93,92,93,92,93,92,93,92,93,92,93,92,93,92,93,92,93,92,93,92,93,92,93,92,93,92,93,92,93,92,93,92,93,92,93,92,93,92,93,92,93,92,93,92,93,92,93,92,93,92,93,92,93,92,93,92,93,92,93,92,93,92,93,92,93,92,93,92,93,92,93,92,93,92,93,92,93,92,93,92,93
